o,,,Flaming Hot,
f,,,Flaming Hot,
q,,,Flaming Hot,
luke is juict,,,Chicken Paradise,
q,,,Flaming Hot,
q,,,Flaming Hot,
q,,,Flaming Hot,
q,,,Flaming Hot,
q,,,Flaming Hot,
q,,,Flaming Hot,
q,,,Chicken Paradise,Cheese Peperoni,Empty Crust,
q,,,Flaming Hot,Chicken Paradise,Cheese Peperoni,
q,,,Cheese Peperoni,Empty Crust,Cheese Explosion,
fuck jon,,,Flaming Hot,
f,,,Flaming Hot,
d,dddddddddddddgf24,1123456789,Flaming Hot,
Jon,,,Flaming Hot,
w,,,Flaming Hot,
w,qwerrtt 123,123456789,Chicken Paradise,
q,,,Flaming Hot,
q,,,Flaming Hot,
w,,,Flaming Hot,
q,bbunuh stre 22,912345678,Flaming Hot,
q,hdyedbeydh de 12,123456898,Flaming Hot,
q,qeduheud er 2,123456789,Flaming Hot,
q,,,Chicken Paradise,
q,,,Chicken Paradise,
q,,,Cheese Peperoni,Empty Crust,
q,,,Cheese Peperoni,Cheese Explosion,Empty Crust,Cheese Peperoni,Empty Crust,
q,,,Chicken Paradise,
q,,,Chicken Paradise,
q,,,Cheese Peperoni,Empty Crust,
q,,,Cheese Peperoni,Cheese Explosion,Empty Crust,Cheese Peperoni,Empty Crust,
q,,,Chicken Paradise,
Jon,,,Flaming Hot,Empty Crust,Cheese Peperoni,Chicken Paradise,Empty Crust,
jon,23 cresent road,912345678,Flaming Hot,Empty Crust,Cheese Peperoni,Cheese Peperoni,Empty Crust,
kon,23 bukit bodoh yy,912345678,Flaming Hot,Empty Crust,Cheese Peperoni,Cheese Explosion,Meat Lovers Dish,
ttt,,,Vanilla Surprise,Vegetarian Pizza,Fit For A King,Chocolate Bazaar,Chicken Paradise,
q,,,Flaming Hot,
qwer,,,Vanilla Surprise,
